clublink,country
club-00339,Ireland
club-00617,Northern Ireland
club-01493,Ireland
club-03498,Ireland
club-00484,Ireland
club-03198,Ireland
club-02243,Ireland
club-03374,England
club-02491,international
club-02650,England
club-00605,South Africa
club-03047,England
club-02399,Morocco
club-00196,international
club-00290,France
club-00983,Portugal
club-02947,Portugal
club-02958,Portugal
club-01358,England
club-02303,England
club-03679,Australia
club-02302,Australia
club-03708,England
club-02011,China
club-00104,England
club-00103,England
club-00452,Turkey
club-03675,England
club-01188,England
club-00564,England
club-00503,England
club-01975,England
club-00844,England
club-00878,England
club-01222-u23,England
club-02673,Spain
club-02615,Algeria
club-01969,Andorra
club-01707,Spain
club-02267,England
club-02512,England
club-02185,England
club-00115,England
club-03036,England
club-01215,England
club-01392,Romania
club-01457,Romania
club-01484,Romania
club-02874,international
club-01245,Romania
club-00543,Singapore
club-00100,England
club-01273,England
club-01639,England
club-03672,England
club-01224,England
club-01187,England
club-02722,United States
club-00230,United States
club-02723,United States
club-03290,England
club-03037,England
club-02521,England
club-01835,England
club-00120,England
club-01389,India
club-02001,India
club-02503,England
club-01494,England
club-01881,Finland
club-02778,France
club-02169,Northern Ireland
club-01032,Scotland
club-00877,Scotland
club-01873,Scotland
club-01849,Scotland
club-00202,Scotland
club-01098,international
club-00488,England
club-02193,England
club-00610,England
club-03287,England
club-01267,England
club-03677,England
club-00726,England
club-00529,England
club-02287,England
club-00517,England
club-01810,England
club-01208,England
club-01356,England
club-02299-u23,England
club-00731,England
club-00980,England
club-01145,Scotland
club-01335,England
club-00473,England
club-02707,England
club-01259,England
club-02463,England
club-01981,international
club-01719,Northern Ireland
club-01207,England
club-02229,Scotland
club-00838,Scotland
club-01056,England
club-01863,England
club-01071,Scotland
club-02098,Scotland
club-02545,England
club-01385,England
club-03692,England
club-03025,Ireland
club-00853,Wales
club-02232,Wales
club-00032,Wales
club-00411,Wales
club-00861,Wales
club-00689,Wales
club-02512-u23,England
club-00598,England
club-00263,Greece
club-03759,Bulgaria
club-00086,Netherlands
club-00893,England
club-01428,England
club-01394,England
club-03039,Ireland
club-02516,England
club-03195,Scotland
club-02857,England
club-01259-u23,England
club-02515,England
club-01216,England
club-01197,England
club-00693,Scotland
club-03128,England
club-02782,Spain
club-01234,Spain
club-03625,Netherlands
club-03132,international
club-02485,Slovenia
club-01675,Turkey
club-02481,Croatia
club-00045-u19,Italy
club-00045,Italy
club-01167,Germany
club-03191,Scotland
club-02653,Bulgaria
club-02241,Bulgaria
club-01565,Latvia
club-03075,Latvia
club-02203,international
club-01589,Latvia
club-03024,Belarus
club-03141,Latvia
club-00999,Russia
club-02239,Russia
club-00048,Italy
club-03535,Italy
club-02974,international
club-01909,England
club-03677-u23,England
club-03224,England
club-01807,Scotland
club-02129,Belgium
club-02363,England
club-01436,England
club-02559,France
club-00229,Turkey
club-00181,United Arab Emirates
club-02929,Netherlands
club-01460,Romania
club-00133-ii,Netherlands
club-00133-u19,Netherlands
club-01241,Netherlands
club-03693,Netherlands
club-00133,Netherlands
club-03133,Netherlands
club-03641,Netherlands
club-00488-u23,England
club-03221,England
club-02251,France
club-02019,Malaysia
club-02647,Australia
club-00161,Saudi Arabia
club-02332,Australia
club-00927,Slovakia
club-02738,Scotland
club-01038,Scotland
club-03663,New Zealand
club-00030,Scotland
club-01918,England
club-01990,international
club-01175,Israel
club-02895,Turkey
club-01115,Turkey
club-03051,Turkey
club-01238,England
club-00478,England
club-03125,England
club-03081,Norway
club-03231,Norway
club-01926,Sweden
club-00057,Italy
club-02774,Italy
club-00042,Italy
club-03271,Austria
club-02931,Austria
club-01534,Austria
club-01534-ii,Austria
club-01094,Cyprus
club-00368,Latvia
club-01057,Hongkong
club-03735,Hongkong
club-03386,Wales
club-03747,Russia
club-00139,Russia
club-02432,Uzbekistan
club-03110,Russia
club-01312,Latvia
club-03629,Russia
club-01607,Russia
club-02513,Russia
club-01293,Lithuania
club-01567,Lithuania
club-01691,Italy
club-01213,Germany
club-03241,South Africa
club-00458,South Africa
club-02989,Spain
club-00180,Saudi Arabia
club-03436,Spain
club-02718,Netherlands
club-02718-u19,Netherlands
club-02585,England
club-02067,Scotland
club-00695-u21,Australia
club-01009,England
club-02299,England
club-02282,England
club-01383,England
club-01910,England
club-02981,England
club-00065,England
club-02397,Scotland
club-02209,England
club-01869,England
club-00130,Scotland
club-00387,Scotland
club-01016,England
club-01059,England
club-01628,Wales
club-02740,England
club-00524,Scotland
club-01849-reserves,Scotland
club-00515,England
club-03729,England
club-00613,Wales
club-02233,Wales
club-00533,England
club-01624,England
club-00463,England
club-00328,England
club-01764,England
club-02220,England
club-02747,Hongkong
club-00594,Scotland
club-03310,England
club-00128,Wales
club-01222,England
club-03383,England
club-02941,India
club-00396,Indonesia
club-02716,Indonesia
club-01950,Philippines
club-02464,Australia
club-00757,England
club-00191,England
club-00116,England
club-01554,Slovakia
club-00063,Portugal
club-02659,Bulgaria
club-03627,Portugal
club-02093,England
club-01139,England
club-02537,Bulgaria
club-02465,England
club-02224,Northern Ireland
club-01174-u23,England
club-02877,England
club-01763,international
club-01191,Germany
club-02700,international
club-00439,international
club-01169,France
club-02333,Australia
club-00243,Greece
club-02047,Turkey
club-03292,Australia
club-02354,United States
club-02573-b,United States
club-00611,Wales
club-00884,England
club-00447,Ghana
club-01805,Germany
club-03532,Tunisia
club-03610,Germany
club-01254,Netherlands
club-00101,England
club-02640,Wales
club-01862,Finland
club-01300,Finland
club-01533,international
club-02588,Canada
club-03615,Iceland
club-02128,Iceland
club-01839,Iceland
club-01921,Iceland
club-03045,North Macedonia
club-01411,Switzerland
club-02635,Malta
club-01571,Albania
club-00051-u18,Italy
club-02298-u23,England
club-02298,England
club-00119,England
club-02860,India
club-00341,India
club-02638,Malaysia
club-00444,India
club-02075,England
club-01994,international
club-01453,Italy
club-01412,Germany
club-03143,Italy
club-02191,Italy
club-01225,Switzerland
club-01904,United States
club-02281,Israel
club-00518-ii,Norway
club-02319,Morocco
club-03475,Qatar
club-03715,England
club-01362,England
club-02569,United States
club-02106,Poland
club-02677,Poland
club-02190,Poland
club-01270,England
club-00926,United States
club-02193-u23,England
club-03724,England
club-01236,England
club-00214,South Africa
club-03645,Belgium
club-01373,Italy
club-03589,Italy
club-01235,Italy
club-03333,Italy
club-03180,Italy
club-03561,Italy
club-03572,Italy
club-03157,United States
club-02692,Wales
club-01994-u17,international
club-01744,Switzerland
club-01464,Switzerland
club-00941,Netherlands
club-01439,Luxembourg
club-01143,Luxembourg
club-02681,Thailand
club-00423,England
club-02073,Ireland
club-03201,Norway
club-02802,Spain
club-00532,England
club-01933-u19,Sweden
club-01649,Iceland
club-03215,Norway
club-01507,Switzerland
club-01357,Denmark
club-00046,Denmark
club-00537,Denmark
club-01052,Scotland
club-01860,Netherlands
club-03366,Netherlands
club-02158,Belgium
club-02139,Belgium
club-03653,Belgium
club-02036,Belgium
club-00699,Belgium
club-01517,Hungary
club-03703,England
club-01126,Bulgaria
club-00556,international
club-00692,Spain
club-02718-ii,Netherlands
club-02454,United States
club-03377,England
club-02460,United States
club-01778,Brazil
club-01530,Brazil
club-01631,Brazil
club-02511,international
club-01842,New Zealand
club-00110,England
club-02077,Kosovo
club-02924,Norway
club-03660,international
club-01715-reserves,Scotland
club-02622,Scotland
club-01053,Scotland
club-00190,Scotland
club-03593,international
club-03385,Ireland
club-02218,Ireland
club-00058,Czech Republic
club-02862,Belgium
club-01317,Denmark
club-02591,Cyprus
club-03228,Scotland
club-01720,Philippines
club-01973,Scotland
club-00165,Qatar
club-01749,Scotland
club-03658,New Zealand
club-01496,England
club-02315,Malta
club-01874,Malta
club-02580,Sweden
club-01931,Sweden
club-02581,United States
club-01500,Switzerland
club-02955,Switzerland
club-01450,Switzerland
club-01507-u18,Switzerland
club-01364,France
club-01688,Angola
club-02964,Portugal
club-00639,Portugal
club-00133-u17,Netherlands
club-02572,Sweden
club-01884,Iceland
club-03220,Iceland
club-01394-u23,England
club-03550,Turkey
club-02038,Turkey
club-01421,North Macedonia
club-02119,Turkey
club-01690,Turkey
club-01916,Netherlands
club-02837-ii,Netherlands
club-02672,England
club-01210,Belgium
club-00825,Belgium
club-01316,Belgium
club-03567,United States
club-02848,Scotland
club-02890,England
club-01371,Portugal
club-00681,Portugal
club-03488,Luxembourg
club-01176,Luxembourg
club-00802,Argentina
club-00140,Denmark
club-00536,Denmark
club-01470,France
club-03031,China
club-02786,Spain
club-00092,Greece
club-03655,New Zealand
club-01295,England
club-00612,England
club-01020,Ireland
club-00363,Greece
club-01854,China
club-00089,Greece
club-03673-reserves,New Zealand
club-03673,Australia
club-02463-u23,England
club-01699,international
club-01760,Scotland
club-01223,England
club-00535,Wales
club-02649,England
club-00848,United States
club-01721,England
club-01286,England
club-00194,England
club-03678,New Zealand
club-00809,Argentina
club-02546,Paraguay
club-00826,Argentina
club-00574,Argentina
club-02559-b,France
club-01035,Scotland
club-02555,Greece
club-00318,Austria
club-00365,Austria
club-00319,Austria
club-00284,Italy
club-02600,Italy
club-00935,international
club-00486,Denmark
club-01379,Austria
club-02771,Thailand
club-00350,Spain
club-03168,Germany
club-00267,Germany
club-00498,Germany
club-00498-u17,Germany
club-02759,Scotland
club-03204,Belgium
club-02823,Belgium
club-02820,Belgium
club-00131,France
club-02052,Belgium
club-00288,France
club-02933,France
club-01372,France
club-00024-u19,Denmark
club-00024-jugend,Denmark
club-02525,Denmark
club-00115-u23,England
club-02459,United States
club-02247,United States
club-03377-u23,England
club-00451,Scotland
club-00879,Scotland
club-02493,United States
club-01237,United States
club-01356-u23,England
club-03025-u19,Ireland
club-00868,Ireland
club-00473-u23,England
club-00226,Scotland
club-03217,Scotland
club-00933,Saudi Arabia
club-00076,Spain
club-01775,China
club-01271,Spain
club-02652,Romania
club-01266,Spain
club-02683,Romania
club-01174,England
club-02869,Belgium
club-02869-u21,Belgium
club-03338,Wales
club-01239,England
club-00993,France
club-02870,Belgium
club-02154,Belgium
club-02156,Belgium
club-02795,Spain
club-01465,Spain
club-01715,Scotland
club-01829,Jamaica
club-00716,Romania
club-02060,Turkey
club-01784,China
club-00168,United Arab Emirates
club-02150,Russia
club-02010,China
club-00300,Romania
club-00149,Qatar
club-03491,Romania
club-03698,Poland
club-01429,Romania
club-02711,Romania
club-01845,Denmark
club-02023,Finland
club-02471,international
club-01103,Nigeria
club-02430,Nigeria
club-01698,Malta
club-00461,England
club-01163,Finland
club-03213,Belgium
club-02883,United States
club-02043,international
club-03369-ii,United States
club-03369,United States
club-01058,New Zealand
club-02439,Netherlands
club-00167,Qatar
club-02779,Belgium
club-00157,Qatar
club-01288,Finland
club-00491,Germany
club-03391,Thailand
club-01026,England
club-02664,United States
club-02543,United States
club-03513,Italy
club-00626,Italy
club-00593,Italy
club-02370,Italy
club-01202,Italy
club-00051,Italy
club-01970,Italy
club-02680,international
club-02549,Poland
club-03755,Poland
club-02674,Poland
club-03049,Russia
club-03737,Poland
club-03699,Poland
club-02184,Poland
club-01733,Poland
club-02685,Poland
club-02189,Poland
club-02666,Poland
club-02678,Poland
club-02124,Poland
club-03689,Poland
club-01489,England
club-02892,England
club-01203,England
club-00841,Ireland
club-00516,England
club-02971,England
club-01299,Wales
club-00693-reserves,Scotland
club-00893-u23,England
club-02467,Wales
club-01061,England
club-00869,Ireland
club-03224-u23,England
club-03219,Scotland
club-01150,England
club-00434,Israel
club-00887,England
club-01831,England
club-03702,Australia
club-00523,Ireland
club-03175,Italy
club-01658-u17,Italy
club-02264,Italy
club-01642,Canada
club-01929,Sweden
club-02560,France
club-00295,France
club-01131,Singapore
club-01957,Colombia
club-01761,Scotland
club-00417,Wales
club-02071,India
club-01923,Iceland
club-00982,Ireland
club-01879,England
club-02651,Scotland
club-02062,Malaysia
club-03294,Australia
club-03293,Australia
club-00026,Denmark
club-02272,Denmark
club-02448,Norway
club-02253,Norway
club-01670,Norway
club-03185,England
club-02584,England
club-02894,Italy
club-01531,Ireland
club-01022,India
club-00148,United Arab Emirates
club-03073,Czech Republic
club-03073-u19,Czech Republic
club-01133,Gibraltar
club-02230,Sweden
club-01703,Sweden
club-03014,Germany
club-03019,Germany
club-00745,United States
club-02770-u19,Germany
club-02770-u17,Germany
club-03292-u21,Australia
club-02789,India
club-02389,Scotland
club-01091,Scotland
club-01261,England
club-01495,England
club-03472,Iceland
club-02035,Iceland
club-00133-u18,Netherlands
club-02777,Netherlands
club-01211,Gibraltar
club-00730,England
club-01039,Northern Ireland
club-01185,Spain
club-02899,United States
club-00203-u21,Netherlands
club-00855,Italy
club-02183,Poland
club-01522,Netherlands
club-00388-ii,Netherlands
club-00388-u17,Netherlands
club-00388,Netherlands
club-03675-u23,England
club-01740,Wales
club-01841,Wales
club-01027,Scotland
club-00892,Northern Ireland
club-00778,Northern Ireland
club-01651,international
club-02032,Italy
club-02539,France
club-00785,Uruguay
club-00582,Uruguay
club-00811,Paraguay
club-00829,Paraguay
club-00832,Paraguay
club-02607,Greece
club-02770,Germany
club-02865,Belgium
club-01398,Luxembourg
club-03258,Germany
club-01664,Germany
club-01522-u19,Netherlands
club-02743,Netherlands
club-00192-u17,Germany
club-03150,Germany
club-02936,Germany
club-00150,Qatar
club-02992,United States
club-02005,"Korea, South"
club-00733,China
club-03095,Ireland
club-01677,Ireland
club-00866,Brazil
club-00888,Brazil
club-00836,Brazil
club-00023,Brazil
club-01753,Brazil
club-00351,Brazil
club-02917,Brazil
club-01118,Brazil
club-01409,Brazil
club-03576,Brazil
club-00504,Brazil
club-00783,Brazil
club-01997,Brazil
club-00549,Scotland
club-00231,Guatemala
club-02918,Guatemala
club-02273,Australia
club-03286,South Africa
club-03401,South Africa
club-00472,South Africa
club-00416,South Africa
club-01794,Vietnam
club-02507,United States
club-00729,United States
club-03628,Netherlands
club-00987,Netherlands
club-02837,Netherlands
club-03502,Scotland
club-01991,Turkey
club-03380,Turkey
club-02468,international
club-02965,Netherlands
club-00520,international
club-01524,Iceland
club-01987,international
club-03103,Norway
club-00837,Brazil
club-01408,Brazil
club-01456-u21,Netherlands
club-03085,Austria
club-02171,Austria
club-01311,Austria
club-00137-u18,Austria
club-00776-b,France
club-02864,Belgium
club-02862-u21,Belgium
club-00159,Saudi Arabia
club-00505,Brazil
club-00821,Paraguay
club-02730,Egypt
club-00800,Argentina
club-00792,Argentina
club-00401,Northern Ireland
club-00399,Northern Ireland
club-01514,Turkey
club-02620,Italy
club-01417,Spain
club-00304,Italy
club-00915,France
club-02313,South Africa
club-00752,South Africa
club-02576,South Africa
club-01114,Sweden
club-01861-u21,Sweden
club-02765,Norway
club-00544,Norway
club-02414,Netherlands
club-00192,Germany
club-03613,Norway
club-01014,Austria
club-03553,Switzerland
club-01463,Switzerland
club-02855,Austria
club-01159,Switzerland
club-02938,Switzerland
club-01165,Switzerland
club-02980,Austria
club-03230,Norway
club-02216,Norway
club-01635,Norway
club-02394,Norway
club-00790,Argentina
club-00646,Chile
club-01822,Israel
club-01825,Israel
club-01826,Israel
club-01446,France
club-02270,France
club-01650,Italy
club-01771,Italy
club-02385,Uruguay
club-00576,Uruguay
club-00976,Uruguay
club-00273,Ukraine
club-00035,France
club-00798,Argentina
club-02744,Argentina
club-00815,Argentina
club-00807,Argentina
club-02749,Argentina
club-00665,Chile
club-00808,Argentina
club-02752,Luxembourg
club-03253,Germany
club-01199,Luxembourg
club-00349,Andorra
club-00578,Argentina
club-00637,Spain
club-03437,Spain
club-00198,Spain
club-01522-u17,Netherlands
club-03133-u19,Netherlands
club-00962,Mexico
club-02790,Spain
club-01348,Spain
club-01260,Portugal
club-02372,Hungary
club-00049,Italy
club-00049-u19,Italy
club-03526,France
club-00122,Italy
club-00054-u19,Italy
club-00905,Italy
club-00748,Italy
club-00070,Italy
club-02913,Italy
club-00881,Algeria
club-00575,Algeria
club-02024,Algeria
club-00336,France
club-03100,France
club-00173,Qatar
club-00719,France
club-02248,France
club-02984,Spain
club-00530,Australia
club-02307,Australia
club-00567,England
club-00512,England
club-02904,United States
club-02780,France
club-03608,Germany
club-01871,Germany
club-01078,Germany
club-03603,Germany
club-00736,Bulgaria
club-01803,Norway
club-03207,France
club-02308,France
club-01433,France
club-03521,France
club-00797,Argentina
club-00261,Argentina
club-00816,Argentina
club-02827,Wales
club-02565,Cyprus
club-01335-u23,England
club-00586,Ireland
club-01641,Scotland
club-02690,Thailand
club-00269,Thailand
club-01587,Azerbaijan
club-01419,United Arab Emirates
club-01422,Switzerland
club-00328-u23,England
club-02065,Malaysia
club-00250,Cyprus
club-02288,England
club-00154,Saudi Arabia
club-00183,Saudi Arabia
club-02604,Greece
club-00249,Cyprus
club-03034,United Arab Emirates
club-02612,Greece
club-01952,Greece
club-00242,Greece
club-03595,Greece
club-02535,Greece
club-00203,Netherlands
club-00084,Australia
club-02952,Netherlands
club-01168,Spain
club-01280-u21,Netherlands
club-02967,Netherlands
club-02266,Northern Ireland
club-03727,Japan
club-02532,India
club-03043,Japan
club-00126,Sweden
club-03624,Japan
club-02026,Japan
club-01476,Romania
club-00102,Romania
club-00589,Italy
club-02624,Greece
club-00252,Greece
club-01341,Italy
club-00589-u19,Italy
club-00294,Italy
club-00054,Italy
club-01621,Brazil
club-02696,United States
club-01459,Switzerland
club-03571,North Macedonia
club-02343,North Macedonia
club-03556,Sweden
club-03375,Sweden
club-00561,Thailand
club-02081,Albania
club-01722-ii,Croatia
club-02488,Bosnia-Herzegovina
club-01397,Latvia
club-01902,North Macedonia
club-03257,Austria
club-03257-ii,Austria
club-03159-b,Portugal
club-02856,Serbia
club-01583,Serbia
club-02435,Slovenia
club-01588,Serbia
club-01549,Serbia
club-01619,Serbia
club-01597,Serbia
club-01543,Serbia
club-01502,England
club-03108,England
club-00852,United States
club-01809,Sweden
club-03738,Poland
club-02358-u19,Poland
club-02189-ii,Poland
club-02676,Poland
club-03459,France
club-01359,France
club-01282,France
club-00709-u20,Mexico
club-02157,Iceland
club-01897,Norway
club-02271,Norway
club-03596,Iceland
club-00571,Argentina
club-00684,Chile
club-01275,France
club-00293,France
club-02819,Belgium
club-02811,France
club-02735,China
club-01449,Sweden
club-01930,Sweden
club-03275,Germany
club-01240,Germany
club-01251,Netherlands
club-01462,Netherlands
club-02215,Belgium
club-01483,Netherlands
club-01246,Netherlands
club-02063,Iceland
club-02272-u19,Denmark
club-02766,Denmark
club-02110,Denmark
club-01892,Denmark
club-01148,international
club-02553,Denmark
club-01861,Sweden
club-00222,Sweden
club-01144,Sweden
club-01987-u21,international
club-03349,Iceland
club-01669,Iceland
club-00944,Argentina
club-00786,Argentina
club-01198,Austria
club-03261,Austria
club-01082,Egypt
club-01083,Egypt
club-01636,Iran
club-02922,Mexico
club-03159,Portugal
club-00710,Portugal
club-03742,Egypt
club-00634,Colombia
club-01375,Portugal
club-00158,Saudi Arabia
club-00152,Saudi Arabia
club-00169,Saudi Arabia
club-00443-b,Portugal
club-02695,Portugal
club-01687,Portugal
club-01840,England
club-03244,England
club-02345,Hongkong
club-01015,Hongkong
club-01939,Sweden
club-00382,Japan
club-02509,Australia
club-02101,England
club-01031,Ireland
club-01134,Gibraltar
club-03348,Iceland
club-00316,Norway
club-03030,China
club-02031,Spain
club-01722,Croatia
club-01886,Croatia
club-02487,Croatia
club-00179,Qatar
club-03002,Iran
club-02489,Croatia
club-02490,Croatia
club-01512,Romania
club-02611,Greece
club-01769,Greece
club-00143,Greece
club-00239,Greece
club-01511,Romania
club-00199,Cyprus
club-01206,Romania
club-02961,Romania
club-01029,Romania
club-00072,Romania
club-02768,Moldova
club-01245-ii,Romania
club-02598,Hungary
club-03740,Hungary
club-00453,Hungary
club-03575,Hungary
club-03465,Hungary
club-00981,Northern Ireland
club-02833,Italy
club-01645,United States
club-00600,Mexico
club-00920,Spain
club-02633,Netherlands
club-02331,Australia
club-03726,Japan
club-03097,Slovakia
club-03097-u21,Slovakia
club-00916,Netherlands
club-01723,Netherlands
club-01723-u19,Netherlands
club-01598,Czech Republic
club-01305,Finland
club-01951,Finland
club-03307,Finland
club-01191-ii,Germany
club-00127,Thailand
club-02990,Spain
club-01180,Spain
club-02986,Spain
club-00076-b,Spain
club-00260,international
club-03169,France
club-02618,France
club-01656,France
club-00631,France
club-01242,France
club-02037,Morocco
club-00322,Algeria
club-03552,Algeria
club-02880,Belgium
club-03684,Belgium
club-02619,France
club-03540,France
club-02142,Belgium
club-01402,France
club-02750,France
club-03202,France
club-02797,United States
club-01846,Faroe Islands
club-03588,Denmark
club-03342,Denmark
club-03084,Denmark
club-01177,Germany
club-03357,Jamaica
club-02453,United States
club-01099,Sweden
club-01005-u19,Sweden
club-03730,Canada
club-00211,England
club-01913,Scotland
club-01605,Czech Republic
club-00019,Czech Republic
club-02475,Slovenia
club-01608,Czech Republic
club-02353,Slovakia
club-01424,Czech Republic
club-00058-b,Czech Republic
club-03306,United States
club-02977-u17,international
club-02718-u17,Netherlands
club-01744-u18,Switzerland
club-03680,Australia
club-02497,England
club-00462,Malta
club-00185,United Arab Emirates
club-00734,India
club-02039,Kazakhstan
club-02274,Israel
club-01750,United States
club-00468,Denmark
club-02418,Netherlands
club-00069,Netherlands
club-03581,Netherlands
club-03637,Netherlands
club-02040,South Africa
club-03268,Netherlands
club-01787,Netherlands
club-01136,Netherlands
club-03133-2,Netherlands
club-03647,Netherlands
club-03638,Netherlands
club-03285,Netherlands
club-02838,Netherlands
club-02295,Sweden
club-02844,Netherlands
club-03420,Finland
club-01801,Sweden
club-01298,Sweden
club-00627,Canada
club-02068,Finland
club-03040,China
club-00756,China
club-00094,Cyprus
club-03562,Malta
club-00302,Netherlands
club-01442,Spain
club-03450,Spain
club-00830,Tunisia
club-01683,Romania
club-02411,India
club-01447,France
club-01173,Portugal
club-00227,Cyprus
club-00096,Cyprus
club-00062,Portugal
club-02937,Portugal
club-01684,Turkey
club-02807,Spain
club-00673,Colombia
club-03481,Portugal
club-00818,Argentina
club-00657,Argentina
club-00579,Argentina
club-00817,Argentina
club-00707,Spain
club-01962,United States
club-01438,Denmark
club-01064,Brazil
club-00867,Brazil
club-01521,Germany
club-03407,Germany
club-00002,Germany
club-03263,Germany
club-03602,Germany
club-01441,Germany
club-02805-b,Spain
club-00986,international
club-03069,Austria
club-02055,Kazakhstan
club-01001,Georgia
club-02570,Kazakhstan
club-02074,Azerbaijan
club-03059,Georgia
club-01337,Georgia
club-02767,Norway
club-00301,Norway
club-03067,Norway
club-02847,Norway
club-01544,Norway
club-02643,Iran
club-00497,Germany
club-02963,Japan
club-02159,Norway
club-00025,Norway
club-03052,Denmark
club-02531,Denmark
club-00024,Denmark
club-02424,Thailand
club-03410,Hongkong
club-01497,Switzerland
club-03009,Switzerland
club-01267-u23,England
club-00388-u18,Netherlands
club-01789,"Korea, South"
club-03000,"Korea, South"
club-01888,Vietnam
club-00459,Thailand
club-00754,Thailand
club-01483-ii,Netherlands
club-01483-u18,Netherlands
club-00203-u19,Netherlands
club-00201,Denmark
club-01851,Ghana
club-01092,Ghana
club-02885,Bangladesh
club-01063,Ghana
club-01925-u19,Sweden
club-02603,Greece
club-01932,Finland
club-01130,Hungary
club-00814,United States
club-02910,Norway
club-01249,Canada
club-03089,Denmark
club-03184,Germany
club-03251,Germany
club-02247-ii,United States
club-00299,France
club-03568,France
club-01843,England
club-02642,Wales
club-02705,Wales
club-02506,India
club-00047,France
club-03205,France
club-00572,France
club-03364,England
club-02329,China
club-03027,China
club-02810,Austria
club-00388-u19,Netherlands
club-03160,Belgium
club-02369,Turkey
club-03649,Netherlands
club-02118,Belgium
club-02054,Turkey
club-00448,Belgium
club-00333,Italy
club-01182,Czech Republic
club-00278,France
club-03314,France
club-03551,France
club-00153,Saudi Arabia
club-02555-u19,Greece
club-02276,Israel
club-02695-u23,Portugal
club-03345,Iceland
club-02078,Iceland
club-00156,United Arab Emirates
club-03587,Spain
club-02041,Sweden
club-01124,international
club-01005,Sweden
club-01673,Sweden
club-01944,Sweden
club-00366,Sweden
club-02466,Northern Ireland
club-02500,New Zealand
club-03656,New Zealand
club-02977,international
club-03325-u21,Switzerland
club-03503,Belgium
club-00049-u17,Italy
club-00528-u19,Italy
club-02977-u21,international
club-02976,international
club-02398,Poland
club-02189-u19,Poland
club-03087,Latvia
club-00528,Italy
club-03177,Italy
club-01581,Russia
club-03694,United States
club-02217,Northern Ireland
club-02116,Norway
club-01945,Norway
club-02374,Norway
club-01562,Norway
club-03390,Norway
club-02828,South Africa
club-01304,Germany
club-03703-u23,England
club-00723,United States
club-01629,Malta
club-02839,Netherlands
club-00554,Hungary
club-03321,Faroe Islands
club-01344,Switzerland
club-03398,Germany
club-00052,Finland
club-00086-u17,Netherlands
club-02418-u19,Netherlands
club-03560,Norway
club-03069-ii,Austria
club-01161-ii,Austria
club-03254,Austria
club-02809,Austria
club-00471,Denmark
club-01644,United States
club-03569,Sweden
club-01701,Italy
club-00616,Italy
club-02815,Italy
club-00592,Italy
club-00259,Northern Ireland
club-02693,Northern Ireland
club-03664,Northern Ireland
club-03078,Malta
club-03094,Malta
club-00834,Chile
club-00653,Spain
club-00956,Spain
club-00087,Costa Rica
club-02163,Costa Rica
club-00901,Costa Rica
club-00911,Guatemala
club-00908,Costa Rica
club-01772,Costa Rica
club-01665,Germany
club-03182,Germany
club-03276,Germany
club-03547,Italy
club-03716,Morocco
club-03441,Spain
club-00656,Spain
club-01132,Tunisia
club-00635,Spain
club-02336,Spain
club-02306,Spain
club-00385,Netherlands
club-01368,Denmark
club-00003,Germany
club-01814,Germany
club-01431,Germany
club-01251-u21,Netherlands
club-01801-u19,Sweden
club-00092-u19,Greece
club-01713,Gibraltar
club-01989,Egypt
club-03746,Egypt
club-02320,Egypt
club-03654,Egypt
club-01881-u19,Finland
club-01933,Sweden
club-00407,England
club-00695,Australia
club-02801-b,Spain
club-02504,Australia
club-03432,Thailand
club-03614,Faroe Islands
club-01074,Norway
club-03106,Norway
club-00125,international
club-03626,Portugal
club-03626-b,Portugal
club-01317-u19,Denmark
club-03585,Denmark
club-02314,international
club-01817,Israel
club-02798,Spain
club-01323,Germany
club-02709,Germany
club-03248,Germany
club-01919,India
club-01212,Gibraltar
club-00355,Spain
club-03565,Canada
club-02400,Jamaica
club-01920,France
club-02417,Algeria
club-01467,France
club-03528,France
club-02582,Belgium
club-00413,Egypt
club-01700,Egypt
club-02437,Cyprus
club-02609,Greece
club-01768,Greece
club-01104,Cyprus
club-02554,Cyprus
club-01100,Cyprus
club-01018,Cyprus
club-00246,Cyprus
club-02648,international
club-03497,Peru
club-01330,Netherlands
club-00682,Portugal
club-01155,Peru
club-03353,Mexico
club-00975,Mexico
club-01604,Bosnia-Herzegovina
club-01599,Serbia
club-02538,Serbia
club-02856-u19,Serbia
club-01048,Ukraine
club-02050,Ukraine
club-03076,Ukraine
club-03022,Ukraine
club-01007,Ukraine
club-02136,Ukraine
club-02845,France
club-01924,Sweden
club-00669,Chile
club-00945,Uruguay
club-02739,Scotland
club-01885,Croatia
club-01340,Switzerland
club-02146,Belgium
club-01110,France
club-03608-u19,Germany
club-03608-u17,Germany
club-01501,Switzerland
club-00547,Switzerland
club-02760,Morocco
club-01107,France
club-01455-u17,Netherlands
club-01455-u19,Netherlands
club-01428-b,England
club-00522,Ireland
club-00759,New Zealand
club-03316,New Zealand
club-01717,Northern Ireland
club-01010,Northern Ireland
club-00412,Northern Ireland
club-02808,Brazil
club-01727,Australia
club-00247,Australia
club-00098,Wales
club-02575,United States
club-01366,United States
club-00258,Scotland
club-02391,Portugal
club-03573,Portugal
club-02540,Saudi Arabia
club-01704,Portugal
club-00715,Portugal
club-01365,Iran
club-02934,Portugal
club-01482,Portugal
club-00895,Costa Rica
club-02412,Costa Rica
club-00973,Costa Rica
club-02405,Slovakia
club-01917,Denmark
club-00536-u19,Denmark
club-02717,Indonesia
club-02646,Indonesia
club-00607,South Africa
club-02645,Indonesia
club-03332,Malaysia
club-03666,Singapore
club-02882,Malaysia
club-01280-u19,Netherlands
club-01280,Netherlands
club-01046,Belarus
club-01859-u19,Denmark
club-02297,South Africa
club-02438,Wales
club-03111,Denmark
club-01095,Belarus
club-01573,Belarus
club-00998,Belarus
club-02445,Belarus
club-01575-u19,Czech Republic
club-01352,Czech Republic
club-01612,Czech Republic
club-01327,Finland
club-03461,France
club-02560-b,France
club-01467-b,France
club-02175,France
club-01522-u21,Netherlands
club-03413,international
club-02909,Poland
club-02231,Poland
club-00638,United States
club-01117,Tunisia
club-01582,Czech Republic
club-03093,Czech Republic
club-02442,Bulgaria
club-01610,Bulgaria
club-01112,Denmark
club-00123,Netherlands
club-01304-ii,Germany
club-03756,Ukraine
club-02279,Israel
club-00435,Israel
club-01461,Armenia
club-03625-u19,Netherlands
club-02753,Spain
club-02002,international
club-02698,Jamaica
club-01941,Sweden
club-02973,Thailand
club-02519,Slovenia
club-02478,Slovenia
club-01647-u19,Germany
club-00952,Turkey
club-01735,Poland
club-02174,Italy
club-00846,Northern Ireland
club-01611,Norway
club-02976-u17,international
club-00333-u18,Italy
club-00015,Czech Republic
club-03636,Netherlands
club-02948,Netherlands
club-03360,Netherlands
club-03640,Netherlands
club-00331,Netherlands
club-00205-u19,Netherlands
club-00205,Netherlands
club-01146,Norway
club-01643,Scotland
club-00142,Russia
club-02718-u18,Netherlands
club-02783,Belgium
club-00022,Belgium
club-02902,Spain
club-03434,Spain
club-01164,Spain
club-00661,Spain
club-02788,Spain
club-01348-b,Spain
club-02593,Italy
club-00768,Italy
club-00053-u19,Italy
club-00053,Italy
club-02208,United States
club-00178,Saudi Arabia
club-01285,Finland
club-00424,Germany
club-00858,England
club-00135,South Africa
club-01552,Serbia
club-03096,England
club-02601,Finland
club-00596,Wales
club-00603,New Zealand
club-01965,Northern Ireland
club-01122,Iran
club-00415,Ecuador
club-00930,China
club-00218,France
club-00906,France
club-02135,Russia
club-00145,Saudi Arabia
club-01045,Ukraine
club-00773,Scotland
club-03393,South Africa
club-03501,South Africa
club-02164,South Africa
club-02602,Finland
club-01648,Netherlands
club-01693,Germany
club-03471,Iceland
club-02197,Iceland
club-00438,Portugal
club-02152,Finland
club-03063,Finland
club-03704,Singapore
club-00545,Scotland
club-00433,China
club-01868,Spain
club-02206,Bulgaria
club-00004,Germany
club-02351,Slovakia
club-00012,Slovakia
club-01291,Germany
club-02131,Austria
club-00268,Germany
club-00008,Germany
club-03600,Germany
club-03259,Germany
club-01691-u19,Italy
club-02608,Greece
club-01200,Gibraltar
club-02396,Malta
club-02242,Belgium
club-01455,Netherlands
club-03382,Scotland
club-00862,Wales
club-00406,Northern Ireland
club-00400,Northern Ireland
club-02433,Malta
club-00455,India
club-02449,Switzerland
club-01214,Switzerland
club-01243,Luxembourg
club-01388,Luxembourg
club-03544,France
club-03577,Sweden
club-01546,Bulgaria
club-00912-ii,Bulgaria
club-02658,Bulgaria
club-00288-b,France
club-03146,Brazil
club-01400,Slovakia
club-02084,Slovakia
club-00131-b,France
club-01190,France
club-02817,Morocco
club-01508,Estonia
club-00469-u19,Sweden
club-01882,Finland
club-03762,international
club-00909,Belgium
club-03127,New Zealand
club-02382,Jamaica
club-00141,Turkey
club-02606,Greece
club-03203,France
club-02162,France
club-03710,China
club-01776,China
club-03429,Sweden
club-03088,Sweden
club-01925-u21,Sweden
club-02228,international
club-01541,Czech Republic
club-01712,Poland
club-01999,Poland
club-03467,Norway
club-02586,Norway
club-03117,Norway
club-03142,England
club-02227,Northern Ireland
club-02861,Finland
club-01278,Spain
club-02095,Ireland
club-01898,Hongkong
club-02511-u21,international
club-03492,Philippines
club-00951,India
club-01903,Singapore
club-02923,Malaysia
club-02999,Singapore
club-02916,Turkey
club-02889,Turkey
club-03607,Germany
club-03711,Germany
club-02851,Germany
club-02949,Germany
club-01647,Germany
club-02953,Germany
club-03249,Germany
club-03608-ii,Germany
club-00007,Germany
club-01814-ii,Germany
club-02368,Norway
club-00011,Czech Republic
club-00542,Norway
club-02105,Hongkong
club-02782-b,Spain
club-00082,Turkey
club-01469,Romania
club-00262,Cyprus
club-02831-ii,Latvia
club-02945-ii,Austria
club-02406-b,Slovakia
club-02406,Slovakia
club-00774,Singapore
club-00189,Uruguay
club-00896,Uruguay
club-00577,Uruguay
club-02245,Spain
club-00587,Wales
club-03351,China
club-00509,France
club-02179,France
club-00601,France
club-03154,France
club-01905-b,France
club-00338,France
club-03519,France
club-03245,"Korea, South"
club-03514,France
club-01050,France
club-01993,France
club-02552,Ukraine
club-03428,Turkey
club-01680,"Korea, South"
club-02734,Qatar
club-00992,Morocco
club-01659,Germany
club-03126,Hongkong
club-01899,Hongkong
club-00174,Qatar
club-00187,Spain
club-03480,international
club-00555,Hungary
club-01938,Hungary
club-00739,England
club-02773,Norway
club-00430,Belgium
club-00277,Italy
club-03560-ii,Norway
club-02439-u21,Netherlands
club-01440,Germany
club-00209,Germany
club-01431-ii,Germany
club-01342,Andorra
club-00245,Greece
club-01944-u21,Sweden
club-00337,Sweden
club-01930-u21,Sweden
club-00234,Russia
club-03176,Italy
club-00443,Portugal
club-00705,Portugal
club-00769,Italy
club-02915,Italy
club-01025,Slovakia
club-00310,Italy
club-00923,England
club-00937,England
club-01258,Luxembourg
club-01585,Germany
club-03284,Germany
club-02328,Algeria
club-03398-ii,Germany
club-03611,Germany
club-01663,Germany
club-02761,Poland
club-02868,Poland
club-03218,Poland
club-02534,Poland
club-03291,Poland
club-03749,China
club-03750,China
club-01013,England
club-03462,Malaysia
club-03171,Malaysia
club-00718,Thailand
club-02058,Philippines
club-02181,England
club-03612,Denmark
club-00346,Lithuania
club-03192,Gibraltar
club-00184,Qatar
club-01102,France
club-00679,Spain
club-01800,Germany
club-00006,Germany
club-02879,Belgium
club-01116,Spain
club-00702,Italy
club-01858,Italy
club-01171,Romania
club-01151,Romania
club-00061,Romania
club-00074,Romania
club-01264,Denmark
club-00966,Spain
club-00960-b,Spain
club-03509,international
club-02952-u21,Netherlands
club-03477,Mexico
club-00824,Mexico
club-00640,Mexico
club-00899,Ecuador
club-02178,Ecuador
club-02983,Ecuador
club-00643,Ecuador
club-00566,"Korea, South"
club-01101,Egypt
club-01480,Lithuania
club-00003-ii,Germany
club-00700,Japan
club-03350,China
club-02338,Turkey
club-01036,Northern Ireland
club-02675,Bulgaria
club-03236,Lithuania
club-00758,Ukraine
club-00321,France
club-03359,Kazakhstan
club-01984,Kazakhstan
club-02654,Bulgaria
club-01017,Greece
club-01185-b,Spain
club-01319,Slovenia
club-01006,Slovenia
club-03449,Italy
club-03470,Iceland
club-00717,Morocco
club-01116-b,Spain
club-03440,Spain
club-03545,Italy
club-00949,Italy
club-01974,Greece
club-03630,Greece
club-00480,Portugal
club-01384-b,Portugal
club-01384,Portugal
club-02776,Spain
club-02805,Spain
club-02791,Spain
club-03167,Germany
club-03265,Germany
club-03252,Germany
club-03162,Germany
club-00017,Germany
club-03409,Germany
club-02960,Austria
club-01247,Austria
club-02945,Austria
club-01343,Austria
club-02578-u17,international
club-01966,Argentina
club-00854,Argentina
club-02794,Spain
club-02174-u19,Italy
club-02536,Serbia
club-00489,Turkey
club-01005-u21,Sweden
club-01328,Switzerland
club-01422-u21,Switzerland
club-02620-u19,Italy
club-03489,Italy
club-02736,China
club-02480,Slovenia
club-02656,Bulgaria
club-02090,Belgium
club-01193,Bulgaria
club-01852,Bulgaria
club-01988,Belarus
club-00422,Belarus
club-03603-ii,Germany
club-03758,Russia
club-03758-ii,Russia
club-00403,Russia
club-03137,Russia
club-03137-ii,Russia
club-01609,Latvia
club-01579,Latvia
club-02872,Russia
club-01592,Russia
club-03506,Russia
club-03743,Russia
club-00997,Russia
club-02484,Slovenia
club-00055,Italy
club-03433,Italy
club-00625,Italy
club-02305,Italy
club-03524,Italy
club-02665,Italy
club-03517,Italy
club-00442,Italy
club-00590,Italy
club-03527,Italy
club-00874,Italy
club-02757,Belgium
club-02256,Italy
club-00043,Italy
club-03107,Italy
club-00291,Italy
club-00358,Italy
club-03334,Italy
club-03543,Italy
club-00767,Italy
club-00903,Portugal
club-03151,Germany
club-00016-ii,Germany
club-01736,Germany
club-03736,Switzerland
club-02049,Germany
club-01189,Switzerland
club-01177-ii,Germany
club-01746,Austria
club-03079,Austria
club-02578,international
club-02979,France
club-02145,Belgium
club-02824,Belgium
club-01355,France
club-02107,Belgium
club-01351,France
club-02530,Norway
club-02473,France
club-02387,France
club-00220,Cyprus
club-00235,Cyprus
club-03676,New Zealand
club-01142,Turkey
club-01741,Turkey
club-01088,Turkey
club-03508,Japan
club-01954,"Korea, South"
club-00208,Turkey
club-02702,Italy
club-02713,Greece
club-02627,Italy
club-01978,Greece
club-03651,Greece
club-01128,Greece
club-03463,France
club-02712,Greece
club-00393,Germany
club-03278-ii,Germany
club-03278,Germany
club-01325,Switzerland
club-01415,Switzerland
club-00381,France
club-01577,Russia
club-01678,Japan
club-02304,Egypt
club-01085,Egypt
club-03520,Italy
club-02111,Denmark
club-02954,Brazil
club-01087,Uruguay
club-00584,Uruguay
club-00822,Uruguay
club-02754,Spain
club-02284,Iran
club-01738,Iran
club-02420,Iran
club-02888,Iran
club-03381,Iran
club-00164,Qatar
club-00067,Italy
club-00872,Italy
club-00615,Italy
club-01953,Italy
club-01515,Italy
club-03384,Italy
club-01393,Switzerland
club-01507-u21,Switzerland
club-02932,Switzerland
club-02517,Italy
club-00956-b,Spain
club-00056,Italy
club-03173,Italy
club-01570,Russia
club-03021-ii,Germany
club-03021,Germany
club-03279,Austria
club-03691,Austria
club-00138-u18,Austria
club-01509-ii,Estonia
club-01559,Belarus
club-01569,Russia
club-01569-ii,Russia
club-03371,Russia
club-01263,Estonia
club-01492,Estonia
club-02200,Estonia
club-03430,Estonia
club-01485,Slovakia
club-01170,Armenia
club-01170-ii,Armenia
club-01550,Latvia
club-02017,Estonia
club-02429,Uzbekistan
club-02657,Azerbaijan
club-02733,Azerbaijan
club-02214,Latvia
club-03044,Russia
club-03135,Russia
club-02579,Sweden
club-02926,Russia
club-03741,Lithuania
club-00389,Azerbaijan
club-01081,Lithuania
club-01156,Lithuania
club-00999-ii,Russia
club-00016,Germany
club-00498-ii,Germany
club-03113,Hungary
club-00803,Argentina
club-01246-u21,Netherlands
club-02694,Wales
club-00795,Spain
club-00395,Wales
club-00219,Wales
club-00978,Guatemala
club-00857,Guatemala
club-00276,France
club-03534,France
club-00329,Romania
club-01425,France
club-02912,Japan
club-03344,France
club-00508,France
club-02629,France
club-03515,France
club-02778-b,France
club-01338,France
club-00009,Germany
club-03330,Germany
club-01867,Netherlands
club-00562,Turkey
club-01252,Spain
club-02632,Malaysia
club-02995,Malaysia
club-01725,India
club-02987,Spain
club-02741,Mexico
club-01479,Spain
club-01979,Greece
club-01471,Denmark
club-02051,Turkey
club-02301,Turkey
club-03443,Spain
club-01334,Netherlands
club-00217,Poland
club-02873,Poland
club-00629-u21,Turkey
club-00629,Turkey
club-02834,Portugal
club-03564,Iceland
club-00658,Spain
club-02887,France
club-01326,Switzerland
club-02291,Turkey
club-02137,Albania
club-02533,Poland
club-00308,Italy
club-00495,Italy
club-02381,Italy
club-03621,Italy
club-01519,Italy
club-01437,Italy
club-01658,Italy
club-03572-u19,Italy
club-01281-u19,Italy
club-00304-u19,Italy
club-00175,Qatar
club-02192,Ghana
club-00146,United Arab Emirates
club-00335,Spain
club-00144,Sweden
club-02571,Sweden
club-02571-u21,Sweden
club-02660,United States
club-02610,Greece
club-02884,Japan
club-03155,Ireland
club-02358,Poland
club-01710,Poland
club-00264,Poland
club-00882,Poland
club-01049,Poland
club-00095,Greece
club-00989,Greece
club-00241,Greece
club-01816,Israel
club-02141,Belgium
club-03376,Thailand
club-02985,Spain
club-01871-ii,Germany
club-02117,Netherlands
club-01284,Netherlands
club-00622,Italy
club-01805-ii,Germany
club-03309,Singapore
club-00332,Egypt
club-02422,Japan
club-00775,France
club-03178,Italy
club-00255,Italy
club-01381,Italy
club-03539,Italy
club-01430-u21,Switzerland
club-01430,Switzerland
club-01044,Netherlands
club-02126,Netherlands
club-01867-ii,Netherlands
club-01915,Spain
club-01386,Kosovo
club-03330-u19,Germany
club-01250,Germany
club-01487,Austria
club-02172-ii,Austria
club-00831,Peru
club-00454,Thailand
club-02853,Germany
club-02419,Denmark
club-03606-ii,Germany
club-03606,Germany
club-02155,Belgium
club-02975,Austria
club-03690,Poland
club-01999-ii,Poland
club-00626-u19,Italy
club-02280,Israel
club-02130,Belgium
club-02911,Norway
club-01894,Denmark
club-01870,Denmark
club-03574,Sweden
club-00126-u21,Sweden
club-01924-u21,Sweden
club-00424-ii,Germany
club-02479,Croatia
club-00506,Bulgaria
club-00692-b,Spain
club-01757,France
club-01028,Hungary
club-02350,Hungary
club-01002,Hungary
club-02046,Hungary
club-02061,Hungary
club-02255,Philippines
club-00340,India
club-02842,United States
club-00342,United States
club-02416,Finland
club-02089,Germany
club-02376,Ireland
club-03469,Sweden
club-03558,Belgium
club-00735,Bulgaria
club-02138,Albania
club-00279,France
club-01189-u21,Switzerland
club-02951,Germany
club-02951-ii,Germany
club-03426,Germany
club-03425,Germany
club-01686,Portugal
club-00676,Portugal
club-01219,Germany
club-01219-ii,Germany
club-01622,Albania
club-03586,Denmark
club-00645,Portugal
club-02409,Hungary
club-01790,Hungary
club-02634,Hungary
club-00918,Turkey
club-03723,Turkey
club-03120,Hongkong
club-03494,Spain
club-01488,Netherlands
club-01349,Gibraltar
club-02085,Belgium
club-03062,Turkey
club-00732,Germany
club-01129,Greece
club-01067,Italy
club-00659,Honduras
club-02671,Honduras
club-00666,Honduras
club-01685,Turkey
club-00348,Mexico
club-00305,Italy
club-02851-ii,Germany
club-00479,Israel
club-01982,Israel
club-00581,Spain
club-00664,Spain
club-00636,Spain
club-02199,Portugal
club-00820,Mexico
club-00691,Mexico
club-03496,Peru
club-00784,Argentina
club-00787,Argentina
club-00828,Spain
club-00560,Spain
club-03352,Mexico
club-00678,Mexico
club-02347,international
club-02286,Chile
club-00155,Saudi Arabia
club-00177,United Arab Emirates
club-00369,Chile
club-00749,international
club-02644,Indonesia
club-01859,Denmark
club-00377,Brazil
club-00835,Brazil
club-00497-ii,Germany
club-00083,Turkey
club-03445,Spain
club-00712,Spain
club-01466,Spain
club-01089,Spain
club-02461,Australia
club-00526,Iceland
club-00367,New Zealand
club-00431,China
club-01728,Singapore
club-02210,China
club-03038,Bangladesh
club-01321,Finland
club-01080,Finland
club-03308,Finland
club-03122,Australia
club-00755,China
club-00753,England
club-01256,Germany
club-00703,Mexico
club-01538,Austria
club-01161,Austria
club-01333,Austria
club-02367,Sweden
club-01183,United Arab Emirates
club-00147,Qatar
club-01296,Germany
club-03601,Germany
club-00004-ii,Germany
club-00497-u17,Germany
club-00210,Australia
club-00383,Australia
club-03468,"Korea, South"
club-01414,"Korea, South"
club-00954,Chile
club-03483,Chile
club-03474,Iceland
club-02891,India
club-02754-b,Spain
club-00781,Peru
club-01054,Scotland
club-01153,Turkey
club-00711,Mexico
club-02236,Mexico
club-02670,United States
club-02340,Iran
club-01876,South Africa
club-02109,Turkey
club-03486,United States
club-01998,United States
club-03570,Norway
club-00039,Switzerland
club-03512,Italy
club-00071,Italy
club-02258,Italy
club-00421,Italy
club-02784,Italy
club-02942,Belgium
club-03745,Malta
club-03347,Greece
club-00823,Paraguay
club-01754,Brazil
club-03301,Paraguay
club-00667,Bolivia
club-01576,Czech Republic
club-00040,France
club-02240,Bulgaria
club-01137,Belgium
club-01513,Belgium
club-02558,France
club-03283,Belgium
club-00546,Switzerland
club-02720,Mexico
club-02161,San Marino
club-03318,England
club-03442,Spain
club-03311,Singapore
club-01694,Singapore
club-03667,Singapore
club-03717,Malta
club-02296,international
club-02508,Australia
club-03288,Wales
club-01933-u21,Sweden
club-03511,Italy
club-01676,Italy
club-00292,Italy
club-03023,Kazakhstan
club-01420,Moldova
club-03632,Ukraine
club-02939,Netherlands
club-01744-u21,Switzerland
club-02277,Israel
club-02714,Indonesia
club-01257,Germany
club-03542,Italy
club-01462-ii,Netherlands
club-03210,Poland
club-02342,Ukraine
club-02371,India
club-01276,India
club-03563,Canada
club-02020,Sweden
club-01818,Israel
club-01590,Latvia
club-00558,Uzbekistan
club-01269,Ireland
club-00285,Italy
club-02041-u21,Sweden
club-02925,France
club-00957,Colombia
club-02835,Colombia
club-00969,Colombia
club-00791,Argentina
club-01830,Northern Ireland
club-03358,Czech Republic
club-01478,Czech Republic
club-03525,France
club-02699,Northern Ireland
club-03071,Czech Republic
club-03522,Italy
club-01548,Czech Republic
club-01564,Czech Republic
club-02407,Germany
club-03232,Germany
club-03232-ii,Germany
club-03183,Germany
club-02544,Italy
club-00311,Italy
club-03402,Germany
club-02027,international
club-02633-u21,Netherlands
club-00007-ii,Germany
club-01937,Israel
club-02523,Norway
club-00251,Greece
club-01498,Luxembourg
club-01380,Germany
club-03267,Germany
club-01047-ii,Germany
club-03248-ii,Germany
club-03275-ii,Germany
club-01752,Brazil
club-00928,"Korea, South"
club-02679,"Korea, South"
club-01205,Germany
club-01473,Luxembourg
club-00449,Germany
club-02092,Germany
club-03399,Germany
club-02866,Belgium
club-00284-u19,Italy
club-02997,Indonesia
club-01922,Uruguay
club-02751,Uruguay
club-02991,Brazil
club-00819,Peru
club-02701,Brazil
club-03327,Mexico
club-02556,Greece
club-00267-ii,Germany
club-00961,Peru
club-00197,Peru
club-01217,Spain
club-00327,Greece
club-00248,Greece
club-01591,Lithuania
club-03135-ii,Russia
club-02092-ii,Germany
club-03181,Germany
club-01078-ii,Germany
club-01474,Bulgaria
club-03554,Romania
club-02444,Malaysia
club-03246,"Korea, South"
club-00228,"Korea, South"
club-01157,Germany
club-01257-ii,Germany
club-03161,Germany
club-03404,Germany
club-00013,Germany
club-03276-ii,Germany
club-03264,Germany
club-01705,"Korea, South"
club-02418-u21,Netherlands
club-01479-b,Spain
club-01076,Japan
club-00686,Spain
club-00059,Italy
club-02920,Chile
club-00943,Hungary
club-00256,Hungary
club-00725,United States
club-00212,Iran
club-02004,Japan
club-03074,Austria
club-03074-ii,Austria
club-01618,Bosnia-Herzegovina
club-01551,Albania
club-00602,China
club-01547,Czech Republic
club-01204,Romania
club-03300,Hungary
club-00221,Greece
club-01329,Italy
club-00863,Chile
club-01105,France
club-01314,Austria
club-00353,Argentina
club-02906,Italy
club-00287,Italy
club-01396,Italy
club-00628,Italy
club-00746,Italy
club-00747,Italy
club-00380,Italy
club-00361,Italy
club-01584,Albania
club-03549,Italy
club-02441,Azerbaijan
club-00337-u21,Sweden
club-00274,Russia
club-01607-ii,Russia
club-00037,Chile
club-01864,China
club-00253,Cyprus
club-03455,Spain
club-02639,United States
club-01468,Switzerland
club-03631,France
club-02898,United States
club-00762,India
club-00929,"Korea, South"
club-00623,Italy
club-03189,Malta
club-02205,Norway
club-01655,Norway
club-03225,Poland
club-02526,Sweden
club-00392,Norway
club-02020-u21,Sweden
club-03179,Italy
club-03507,Switzerland
club-01166,Portugal
club-03447,Portugal
club-00078,Portugal
club-01340-u21,Switzerland
club-00591,Italy
club-02316,Italy
club-00038,Italy
club-00294-u19,Italy
club-02894-u19,Italy
club-00333-u19,Italy
club-00272,Argentina
club-02244,Spain
club-03533,Luxembourg
club-01911,China
club-02359,Armenia
club-00931,China
club-02557,France
club-00704,Mexico
club-00356,Colombia
club-00009-ii,Germany
club-00091,Spain
club-03331,Italy
club-00033,Saudi Arabia
club-00163,United Arab Emirates
club-00497-u19,Germany
club-03669,Belgium
club-03206,France
club-02469,international
club-02524,Hungary
club-02104,Hungary
club-02727,Hungary
club-02127,Hungary
club-00812,Peru
club-01955,Ecuador
club-00722,Brazil
club-00654,Mexico
club-00805,Argentina
club-03760,Venezuela
club-02375,Venezuela
club-03590,international
club-03004,Romania
club-00176,United Arab Emirates
club-00663,Portugal
club-02180,France
club-01592-ii,Russia
club-03164,Germany
club-03709,Austria
club-01487-ii,Austria
club-03671,Germany
club-01140,Spain
club-01274,Spain
club-01445,Japan
club-03538,Italy
club-01255,Italy
club-02628,Belgium
club-02082,Belgium
club-02787,Italy
club-01708,Italy
club-01066,Spain
club-01370,Spain
club-02623,Greece
club-00240,Greece
club-00833,Mexico
club-01792,Turkey
club-01648-u21,Netherlands
club-00068,Netherlands
club-02969,Germany
club-02140,Belgium
club-02821,Belgium
club-03072,Belgium
club-02970,Switzerland
club-01194,France
club-03457,Andorra
club-01265,Switzerland
club-03415,Germany
club-03281-ii,Germany
club-03281,Germany
club-02962,Germany
club-01553,Czech Republic
club-01364-b,France
club-02994-ii,Malaysia
club-00568,Turkey
club-00859,Romania
club-00371,Italy
club-03363,Russia
club-02239-ii,Russia
club-03427,Germany
club-02968,Germany
club-02968-ii,Germany
club-03086,Austria
club-03266,Austria
club-02360,Finland
club-03625-u21,Netherlands
club-01372-b,France
club-00748-u19,Italy
club-03114,Italy
club-03546,Italy
club-02086,Belgium
club-02748,France
club-02852,Germany
club-02775,United States
club-00215,Brazil
club-01121,Brazil
club-00959,Peru
club-00060,Peru
club-03145,Peru
club-03148,Peru
club-00924,Peru
club-00968,Peru
club-03555,Peru
club-02522,Italy
club-03313,Italy
club-00086-u21,Netherlands
club-00081,Brazil
club-02175-b,France
club-02993,Italy
club-00609,Venezuela
club-00972,Ecuador
club-00709,Mexico
club-01192,Switzerland
club-01181,Switzerland
club-03130,Italy
club-02013,Finland
club-01821,Israel
club-01004,Turkey
club-03583,Japan
club-02330,Malaysia
club-03061,Thailand
club-03484,Chile
club-02326,Mexico
club-00796,Mexico
club-00910,Chile
club-01907,Chile
club-02841-u19,Italy
club-02613,Hungary
club-03752,Kazakhstan
club-02804,Spain
club-03448,Spain
club-03452,Spain
club-00581-b,Spain
club-03668,Poland
club-02548,Poland
club-03091,Poland
club-00029,Brazil
club-00599,Brazil
club-01119,Brazil
club-02268,Brazil
club-00469,Sweden
club-00469-u21,Sweden
club-01706,Argentina
club-00134,Netherlands
club-00355-b,Spain
club-03411,Hongkong
club-02076,Albania
club-02378,Hungary
club-03485,Belgium
club-00977,Spain
club-00118,Belgium
club-02746,Sweden
club-01144-u21,Sweden
club-00093,Cyprus
club-01638,France
club-01106,Algeria
club-03181-ii,Germany
club-01537,Kazakhstan
club-02476,Slovenia
club-02120,Iceland
club-00036,Finland
club-01310,Finland
club-01291-ii,Germany
club-03389,Norway
club-01947,Norway
club-01268,Denmark
club-01895,Germany
club-03269,Austria
club-03046,Japan
club-03063-ii,Finland
club-03003,Iran
club-01123,Iran
club-02907,Iran
club-02758,Iran
club-03216,Iran
club-02380,Gibraltar
club-02587,Italy
club-00364,Cyprus
club-02854,Germany
club-01959,Colombia
club-00955,Colombia
club-00936,Uruguay
club-03744,Poland
club-02847-ii,Norway
club-01996,Egypt
club-02605,Romania
club-02238,Spain
club-00880,Spain
club-01819,Israel
club-02386,Uruguay
club-03139,Slovakia
club-03044-ii,Russia
club-01418,Spain
club-01577-ii,Russia
club-03140,Russia
club-01184,Spain
club-01367,Slovakia
club-03317,Hungary
club-00889,Germany
club-02928,Italy
club-00283,Italy
club-01970-u19,Italy
club-01620,Moldova
club-00668,Spain
club-00662,Honduras
club-02177,Ecuador
club-00482,Sweden
club-00490,Scotland
club-03339,Scotland
club-00027,Denmark
club-00487,international
club-00003-u19,Germany
club-01125,Mexico
club-02669,Sweden
club-01801-u21,Sweden
club-00934,Australia
club-02577,Sweden
club-02684,Poland
club-03733,New Zealand
club-03418,Scotland
club-02250,Northern Ireland
club-03725,Wales
club-01377,Slovakia
club-02352,Czech Republic
club-00541,Poland
club-01967,Slovakia
club-01555,Czech Republic
club-01602,Czech Republic
club-01847,Netherlands
club-00941-u21,Netherlands
club-01523,Finland
club-01307,Finland
club-01724,Brazil
club-01011,Mexico
club-01395,Finland
club-03068,Czech Republic
club-03211,Poland
club-02678-ii,Poland
club-01666,Germany
club-02259,Spain
club-03439,Spain
club-01891,Japan
club-01747,Australia
club-02719,Thailand
club-00499,Germany
club-00953,Chile
club-01637,France
club-00642,Spain
club-03548,France
club-00271,France
club-01992,Turkey
club-02167,Italy
club-01808,New Zealand
club-00465,Malta
club-01378,Malta
club-02563,Japan
club-01958,Argentina
club-00652,Colombia
club-00970,Colombia
club-02029,Colombia
club-02566,Colombia
club-00633,Colombia
club-02160,Japan
club-00432,China
club-02940,Portugal
club-03682,Ireland
club-02631,Iran
club-00940,United States
club-01828,Hongkong
club-03238,Hongkong
club-01946,Denmark
club-00330,Egypt
club-01815,Israel
club-01195,Switzerland
club-03323-u21,Switzerland
club-01942,Sweden
club-01943,Sweden
club-00028,Bangladesh
club-02686,Wales
club-02428,New Zealand
club-00446,Belgium
club-02108,Northern Ireland
club-00782,Argentina
club-03693-u21,Netherlands
club-00238,Greece
club-00551,Wales
club-02564,Cyprus
club-00687,Spain
club-03453,Spain
club-01739,Ukraine
club-01220,Spain
club-03718,China
club-03441-b,Spain
club-01262,Portugal
club-03753,China
club-02426,China
club-03451,Andorra
club-00907,Romania
club-02265,Italy
club-00698,Brazil
club-00651,Argentina
club-00871,Mexico
club-01336,Switzerland
club-01302,Czech Republic
club-00391,Faroe Islands
club-00496,Indonesia
club-03476,Luxembourg
club-01399,Luxembourg
club-00900,Luxembourg
club-00648,Spain
club-01595,Ukraine
club-02425,Japan
club-02057,Japan
club-02423,Scotland
club-03280,Austria
club-01539,Azerbaijan
club-02088,Belgium
club-03557,Finland
club-02919,Malta
club-01791,Malta
club-00237,Greece
club-03298,Hungary
club-01338-b,France
club-01871-u19,Germany
club-00688,Brazil
club-00467,Denmark
club-03605,Germany
club-00018,Germany
club-03370,Georgia
club-03156,Spain
club-02341,Ukraine
club-03129,international
club-00172,Saudi Arabia
club-02477,Slovenia
club-00136,United Arab Emirates
club-01093,United Arab Emirates
club-00475,Germany
club-01574,Latvia
club-02283,Japan
club-03340,Japan
club-03362,Japan
club-02151,Malaysia
club-00680,Spain
club-02030,France
club-03273,Netherlands
club-03020,Germany
club-00647,Spain
club-00492,Scotland
club-01294,Denmark
club-02667,Greece
club-00404,Malta
club-02844-u21,Netherlands
club-03296,Hungary
club-03304,Egypt
club-02732,Egypt
club-00124,Greece
club-01475,Finland
club-03058,Thailand
club-02091,Norway
club-01256-ii,Germany
club-02972,Germany
club-03604,Germany
club-02012,Finland
club-03650-u21,Netherlands
club-03421,Germany
club-02486,Slovenia
club-02474,Slovenia
club-01703-u21,Sweden
club-03623,Italy
club-00914,Romania
club-03083,Slovakia
club-01413,Slovakia
club-03619,Italy
club-01127,Cyprus
club-00573,Argentina
club-02337,Spain
club-00771,Spain
club-02059,Turkey
club-01563,Czech Republic
club-03396,international
club-02201,France
club-01809-u21,Sweden
club-00225,Turkey
club-03326,New Zealand
club-02295-u21,Sweden
club-01154,Italy
club-01838,Turkey
club-00655,Spain
club-00548,Turkey
club-00583,Angola
club-00192-ii,Germany
club-01363,France
club-00772,Scotland
club-01696,France
club-02408,Australia
club-00075,Netherlands
club-00827,Spain
club-00721,China
club-00806,Argentina
club-02362,Colombia
club-03648,Netherlands
club-03616,Austria
club-03065,Austria
club-03701,Austria
club-03066,Czech Republic
club-01912,England
club-02567,Netherlands
club-01324,Finland
club-00378,Denmark
club-03064,Austria
club-01580,Czech Republic
club-01201,Czech Republic
club-00485,Denmark
club-01369,Spain
club-00090,Cyprus
club-00297,Slovakia
club-02213,Italy
club-02858,Italy
club-01811,Malta
club-03092,Bulgaria
club-03009-u17,Switzerland
club-03585-reserves,Denmark
club-02404,Malta
club-02234,Wales
club-02921,South Africa
club-03315,Malta
club-03186,Malta
club-02903,Malta
club-03599,Germany
club-03013,East Germany (GDR)
club-01416,France
club-00743,Mexico
club-00649,Mexico
club-00946,Argentina
club-03531,Italy
club-00799,Argentina
club-00289,France
club-02269,international
club-01593,Azerbaijan
club-01695,Singapore
club-03060,Malta
club-02737,Malta
club-01332,Sweden
club-01182-b,Czech Republic
club-01297,Czech Republic
club-00011-b,Czech Republic
club-03751,Russia
club-02590,Greece
club-01714,Gibraltar
club-03319,Lithuania
club-02434,Myanmar
club-02867,Belgium
club-00675,Peru
club-00701,Uruguay
club-02978,Romania
club-02595,Estonia
club-01263-ii,Estonia
club-01322,Estonia
club-02756,Poland
club-00073,Romania
club-02982,Spain
club-03720,Venezuela
club-02786-b,Spain
club-03612-reserves,Denmark
club-01357-reserves,Denmark
club-00390,Denmark
club-01542,Czech Republic
club-01486,Czech Republic
club-02436,Slovenia
club-02219,Spain
club-01084,Egypt
club-00354,Mexico
club-02066,Malaysia
club-01079,Germany
club-02144,Germany
club-02144-ii,Germany
club-00207,Norway
club-02514,Norway
club-03102,France
club-00988,Netherlands
club-01138-u21,Netherlands
club-00897,Switzerland
club-00770,Italy
club-01042,Vietnam
club-03417,Germany
club-03403,Germany
club-03090,Belarus
club-02260,Russia
club-02312,Spain
club-00162,United Arab Emirates
club-02410,Qatar
club-01472,Switzerland
club-01179,Switzerland
club-01432,Switzerland
club-02450-ii,Switzerland
club-03324-u18,Switzerland
club-01986,Turkey
club-02289,Greece
club-00436,Hungary
club-03424,Germany
club-01964,China
club-01689,Sweden
club-02447,India
club-01318,Denmark
club-03322,Faroe Islands
club-03408,Germany
club-03712-ii,Germany
club-03712,Germany
club-03277,Germany
club-03277-ii,Germany
club-02143,Belgium
club-01453-u19,Italy
club-02742,France
club-02589,France
club-03153,France
club-00683,Peru
club-00708,Mexico
club-00585,Argentina
club-02520,Argentina
club-01976,Iceland
club-01887,Croatia
club-01152,Greece
club-01387,Italy
club-00932,Sweden
club-00553,Hungary
club-00270,Jamaica
club-01758,Wales
club-02135-ii,Russia
club-01928,Sweden
club-03080,UdSSR
club-03757,Ukraine
club-02421,Ukraine
club-02344,Ukraine
club-03592,Japan
club-01344-u21,Switzerland
club-02365,United States
club-01077,Germany
club-02988,Spain
club-00706,Spain
club-00632,Spain
club-01594,Slovakia
club-02935,Switzerland
club-01320,Switzerland
club-00360-u20,Mexico
club-02724,Mexico
club-00864,Mexico
club-00788,Argentina
club-00511,Colombia
club-00569,Germany
club-03174,Italy
club-01936,Italy
club-03026,Myanmar
club-03490,Romania
club-03147,Italy
club-02339,Ireland
club-00672,Spain
club-00552,Hungary
club-03597,Italy
club-00621,Italy
club-03402-ii,Germany
club-03657,New Zealand
club-02843,Australia
club-02966,Austria
club-03732,Austria
club-03728,Japan
club-02799,Portugal
club-02950,Portugal
club-00779,Paraguay
club-00761,Switzerland
club-01824,Israel
club-01505,Czech Republic
club-01412-ii,Germany
club-02285,Indonesia
club-03070,Slovakia
club-01557,Czech Republic
club-03105,Russia
club-00996,Belarus
club-01221,France
club-00942,Netherlands
club-01711,Poland
club-01401,Denmark
club-02003,Poland
club-01734,Poland
club-01630,Poland
club-01935,Sweden
club-02166,Sweden
club-02770-ii,Germany
club-03299,Hungary
club-03355,Indonesia
club-02015,Estonia
club-02134,Lithuania
club-03634,Kazakhstan
club-01601,Bulgaria
club-00200,Cyprus
club-03005,Bulgaria
club-02785,Spain
club-01158,Luxembourg
club-01113,Denmark
club-00282,Italy
club-03518,Italy
club-03537,Italy
club-02407-ii,Germany
club-00010,Germany
club-00994,Egypt
club-02781,Honduras
club-02176,Costa Rica
club-01820,Israel
club-01244,Georgia
club-02147,Belgium
club-00170,Saudi Arabia
club-00619,Portugal
club-02806,Angola
club-02261,Hongkong
club-00064,Ghana
club-00397,Turkey
club-02006,"Korea, South"
club-02541,Japan
club-02725,India
club-03270,Germany
club-01404,Germany
club-00521,Norway
club-01558,Norway
club-02132,Norway
club-01765,Norway
club-02617,Brazil
club-00913,Romania
club-00971,Ecuador
club-03754,Russia
club-00257,Russia
club-03505,Russia
club-02150-ii,Russia
club-02859,Russia
club-01000,Russia
club-02596,Uzbekistan
club-01230,Switzerland
club-01927,Iceland
club-03367,Finland
club-03001,"Korea, South"
club-02829,United States
club-02015-ii,Estonia
club-01596,Lithuania
club-03297,Hungary
club-03237,Azerbaijan
club-03620,Italy
club-00280,Italy
club-01658-u19,Italy
club-01660,Germany
club-00438-u23,Portugal
club-01697,Germany
club-03419,Germany
club-01566,Lithuania
club-01477,Germany
club-03168-ii,Germany
club-01202-u19,Italy
club-02221,Gibraltar
club-02222,Gibraltar
club-03397,Germany
club-03255,Germany
club-01751,Germany
club-03739,Poland
club-03112,Thailand
club-03295,Sweden
club-00794,Argentina
club-01780,Ecuador
club-02310-b,France
club-00325,Portugal
club-03414,Germany
club-01813,Germany
club-03166,Germany
club-03363-ii,Russia
club-01613,Belarus
club-03165,Germany
club-03234,Finland
club-00476,South Africa
club-03646,Netherlands
club-02028,Thailand
club-01805-u19,Germany
club-01805-u17,Germany
club-00352,Portugal
club-00077,Spain
club-02053,Japan
club-02637,Spain
club-03493,Chile
club-01615,Serbia
club-03460,Austria
club-03250,Austria
club-02034,Belgium
club-02853-u19,Germany
club-01742,France
club-01331,France
club-00020,Austria
club-03256,Austria
club-01451,Austria
club-03609,Germany
club-03272,Germany
club-03423,Germany
club-01241-ii,Netherlands
club-01434,Germany
club-03598,Germany
club-01510,France
club-00186,Turkey
club-01674,Scotland
club-03164-ii,Germany
club-01647-ii,Germany
club-03747-ii,Russia
club-03454,Spain
club-01823,Israel
club-01030,Hungary
club-03487,Luxembourg
club-02204-ii,Estonia
club-02682,Thailand
club-01191-u17,Germany
club-01486-b,Czech Republic
club-01536,Kyrgyzstan
club-00780,Tunisia
club-03172,Indonesia
club-01856,Australia
club-03121,New Zealand
club-02173,Italy
club-02183-ii,Poland
club-00760,Poland
club-02689,Italy
club-01313,Finland
club-02530-ii,Norway
club-03510,France
club-02044,Nigeria
club-00948,Sweden
club-01561,Serbia
club-03163,Germany
club-01837,Germany
club-03400,Germany
club-00984,international
club-01614,Bulgaria
club-00713,Spain
club-01572,Bosnia-Herzegovina
club-01617,Slovakia
club-02599,Spain
club-02366,Uruguay
club-01353,Austria
club-01889,Denmark
club-03405,Austria
club-00810,Uruguay
club-02763,Uruguay
club-00357,Uruguay
club-00974,Venezuela
club-00674,Honduras
club-01357-u19,Denmark
club-02349,Switzerland
club-03446,Spain
club-01108,France
club-02772,Germany
club-03406,Germany
club-00014,Germany
club-00898,Algeria
club-01272,Japan
club-02327,Algeria
club-00641,Mexico
club-03138,Russia
club-00860,Germany
club-00402,Hungary
club-03136,Slovakia
club-01162,Hungary
club-03303,China
club-01540,Serbia
club-01407,Georgia
club-01308,Luxembourg
club-01178,Luxembourg
club-03144,Luxembourg
club-00080,Costa Rica
club-03456,Spain
club-01111,Mozambique
club-02393,international
club-01292,England
club-03659,England
club-01222-uefa,England
club-02364,United States
club-02574,United States
club-00372,United States
club-00182,United Arab Emirates
club-00991,England
club-00428,England
club-01743,England
club-03696,England
club-02168,United States
club-03152,United States
club-01172,United States
club-01306,United States
club-03050,international
club-00738,England
club-00379,England
club-01872,England
club-02311,England
club-02510,England
club-00306,Italy
club-03536,Italy
club-01654,international
club-00298,France
club-02957,France
club-02998,international
club-00620,Senegal
,unknown
club-03478,unknown
club-00375,international
club-02893,international
club-02133,international
club-02451,international
club-03320,Scotland
club-02456,England
club-03222,England
club-02395,England
club-01980,international
club-00001,Austria
club-02956,Austria
club-01770,Portugal
club-03373,Russia
club-03466,international
club-00483,England
club-03681,England
club-03035,England
club-01908,England
club-00359,Spain
club-01777,China
club-01855,England
club-03170,international
club-03705,England
club-03208,England
club-01068,Australia
club-00724,United States
club-01623,England
club-00670,Portugal
club-02402,Portugal
club-00266,Scotland
club-03500,England
club-02249,England
club-02846,England
club-00840,England
club-00206,England
club-02094,England
club-00727,England
club-03686,England
club-01971,United States
club-02886,United States
club-02573,United States
club-02415,international
club-02871,international
club-00166,Sudan
club-00394,international
club-02212,international
club-02070,international
club-02211,international
club-01679,international
club-02202,international
club-00426,Netherlands
club-03516,Italy
club-00518,Norway
club-00281,France
club-03197,England
club-00559,England
club-00313,international
club-03158,United States
club-03435,United States
club-02188,international
club-02715,Indonesia
club-02072,Ireland
club-01403,England
club-00323,Norway
club-00195,Norway
club-01065,England
club-01526,international
club-02662,international
club-00409,international
club-03458,international
club-03099,international
club-00514,England
club-02298-uefa,England
club-02816,England
club-00129,Scotland
club-00398,Australia
club-03734,Sweden
club-03337,international
club-03473-uefa,Iceland
club-02946,Netherlands
club-02959,Netherlands
club-03229,England
club-01290,England
club-01878,England
club-02813,England
club-01315,England
club-02334,England
club-00345,United States
club-00441,England
club-02356,England
club-00425,Australia
club-02641,England
club-02069,England
club-01231,England
club-00534,international
club-00550,England
club-00865,England
club-03392,England
club-01799,England
club-03431,Argentina
club-01963,France
club-00188,international
club-02878,international
club-02769,Belgium
club-00374,United States
club-02458,United States
club-00842,England
club-00843,England
club-01196,England
club-02198,England
club-02721,international
club-03618,United States
club-02900,United States
club-02830,United States
club-00750,international
club-03196,Ireland
club-00921,Scotland
club-00419,England
club-02745,England
club-01034,Scotland
club-02254,England
club-01356-uefa,England
club-01518,Hungary
club-02726,India
club-01646,United States
club-01671,international
club-01774,international
club-03335,United States
club-00113,England
club-02452,international
club-02896,Thailand
club-02687,Wales
club-01346,England
club-02123,Poland
club-03006,international
club-01490,England
club-00213,England
club-00742,England
club-03706,England
club-02207,England
club-01374,England
club-01097,England
club-02876,England
club-03243,England
club-03289,England
club-00766,England
club-01672,England
club-01866,England
club-00513,England
club-03199,Ireland
club-01730,England
club-01948,England
club-01759,Scotland
club-02318,Scotland
club-02691,Scotland
club-01040,England
club-02300,England
club-02621,Australia
club-03662,England
club-01096,England
club-00751,international
club-01853,England
club-02102,England
club-00922,international
club-03242,international
club-01075,England
club-00527,England
club-02812,England
club-01877,England
club-00429,England
club-03388,international
club-01682,Indonesia
club-00097,Ivory Coast
club-00958,Paraguay
club-02547,Paraguay
club-01956,Paraguay
club-01804,Germany
club-00193,Germany
club-02056,international
club-02832,Ghana
club-03118,England
club-03247,South Korea
club-01452,United States
club-01120,Brazil
club-03594,unknown
club-01731,Kenya
club-03053,Tanzania
club-02905,Trinidad and Tobago
club-02498,England
club-01781,Senegal
club-00324,Brazil
club-00021,Brazil
club-01456,Netherlands
club-00137,Austria
club-01090,international
club-00776,France
club-02616,international
club-01228,United States
club-01875,Sweden
club-01360,Switzerland
club-00580,Argentina
club-00307,Italy
club-00804,Argentina
club-03438,Spain
club-00714,Spain
club-01390,Italy
club-00355-uefa,Spain
club-00570,Belgium
club-02814,Romania
club-00066,Italy
club-03378,DR Congo
club-00254,international
club-01527,international
club-02614,international
club-00531,Australia
club-01391,England
club-02021,international
club-02384,United States
club-02170,United States
club-01657,United States
club-02755,France
club-00985,international
club-03530,France
club-02317,international
club-03015,Germany
club-01662,Germany
club-01232,Northern Ireland
club-03033,Northern Ireland
club-02195,England
club-02996,Scotland
club-00563,England
club-02496,Ireland
club-01762,Ireland
club-01376,England
club-02427,England
club-01303,England
club-01718,England
club-03328,England
club-00720,Japan
club-03639,Netherlands
club-03714,Netherlands
club-03642,Netherlands
club-00440,Scotland
club-02187,international
club-01218,England
club-01410,England
club-01715-uefa,Scotland
club-00618,England
club-01427,England
club-02499,England
club-01798,England
club-01147,England
club-01737,England
club-00108,England
club-00696,Trinidad and Tobago
club-02446,international
club-02597,international
club-03582,England
club-00886,England
club-01444,England
club-02494,United States
club-02148,Poland
club-02048,Iceland
club-02079,Iceland
club-02103,Hungary
club-02299-uefa,England
club-03416,international
club-01277,Denmark
club-01890,Sweden
club-00317,Austria
club-01033,Scotland
club-01767,international
club-00216,international
club-00845,Scotland
club-00740,England
club-02502,England
club-01748,Nigeria
club-00334,international
club-01960,international
club-02293,international
club-02149,Hungary
club-03622,Italy
club-01227,United States
club-01914,United States
club-00343,United States
club-00344,United States
club-02309,England
club-02252,United States
club-03109,England
club-00697,United States
club-03274,Netherlands
club-03055,Canada
club-03579,Canada
club-02728,Vietnam
club-01807-uefa,Scotland
club-02528,Canada
club-00671,Spain
club-02518,Spain
club-00685,Spain
club-01844,England
club-01426,England
club-01653,international
club-02470,international
club-02818,international
club-02881,France
club-02800,United States
club-03235,international
club-03212,England
club-00741,England
club-02182,England
club-02688,England
club-01834,United States
club-00847,Ireland
club-02413,Scotland
club-01793,Scotland
club-00839,Scotland
club-01726,England
club-01504,England
club-01626,Wales
club-01797,India
club-02000,international
club-00765,England
club-00466,England
club-03056,Singapore
club-03057,international
club-02562,international
club-01043,England
club-01901,England
club-03643,Netherlands
club-02033,Netherlands
club-01051,Sierra Leone
club-01309,Sierra Leone
club-00693-uefa,Scotland
club-00763,United States
club-00764,United States
club-01279,England
club-00557,Ireland
club-03341,England
club-02361,England
club-02246,United States
club-03644,Netherlands
club-03633,Netherlands
club-01454,Netherlands
club-00133-uefa,Netherlands
club-02472,England
club-03584,Denmark
club-00470,Sweden
club-01934,Sweden
club-01069,international
club-01520,Argentina
club-00813,Argentina
club-00604,Argentina
club-00793,Argentina
club-01745,England
club-03700,England
club-01072,Denmark
club-02583,Denmark
club-01535,England
club-00099,Netherlands
club-01906,Netherlands
club-03260,Netherlands
club-01806,Germany
club-01782,international
club-02863,South Africa
club-01692,international
club-03214,Azerbaijan
club-03042,Japan
club-03499,Japan
club-02064,Japan
club-03354,England
club-01499,England
club-03365,England
club-00650,Spain
club-01019,Norway
club-01755,Denmark
club-00427,England
club-02237,Scotland
club-02401,Australia
club-03346,Scotland
club-01012,England
club-00777,England
club-02440,England
club-00728,England
club-01233,England
club-03697,England
club-02403,England
club-02292,England
club-00386,England
club-02825,United States
club-00464,United States
club-03101,United States
club-02455,United States
club-03239,South Korea
club-00408,Thailand
club-00938,Scotland
club-01716,Scotland
club-02704,Czech Republic
club-01925,Sweden
club-02661,United States
club-00347,United States
club-01766,Hungary
club-00450,international
club-02840,Bermuda
club-02636,Bermuda
club-02901,United States
club-01021,Germany
club-03635,Netherlands
club-03282,Netherlands
club-00132,Netherlands
club-00850,United States
club-00851,United States
club-02529,France
club-01382,France
club-00160,Saudi Arabia
club-03336,England
club-01949,England
club-00111,England
club-01702,international
club-03683,England
club-03688,England
club-03761,Netherlands
club-01857,Netherlands
club-03523,France
club-03149,Portugal
club-03159-uefa,Portugal
club-00151,Qatar
club-01335-uefa,England
club-03325,Switzerland
club-01516,Italy
club-02263,Italy
club-03017,Germany
club-03209,England
club-03104,Czech Republic
club-01339,England
club-03444,Spain
club-02793,United States
club-02186,England
club-01149,England
club-01634,England
club-03041,Ghana
club-03356,England
club-00105,England
club-01491,England
club-03227,England
club-02113,Netherlands
club-00917,Netherlands
club-01848,Netherlands
club-03302,England
club-02322,England
club-00107,England
club-01253,Czech Republic
club-00420,England
club-00595,Canada
club-03578,Sweden
club-03541,Italy
club-02527,England
club-03223,England
club-02390,international
club-02431,United States
club-00875,international
club-02803,Suriname
club-02099,Ireland
club-03479,Wales
club-01786,international
club-00410,Wales
club-00315,England
club-03617,Sweden
club-02626,Greece
club-00326,Greece
club-00244,Greece
club-00481,Argentina
club-02930,France
club-00538,England
club-02165,England
club-01135,England
club-03190,England
club-01141,Scotland
club-03713,United States
club-02801,Spain
club-00233,Spain
club-00232,international
club-01900,international
club-01287,Germany
club-01668,Saudi Arabia
club-03018,Germany
club-01041,Scotland
club-02022,Peru
club-02462,England
club-02836,Netherlands
club-03016,Portugal
club-02114,international
club-03240,Norway
club-03372,Ukraine
club-01681,Scotland
club-01528,international
club-02379,Ireland
club-02096,Ireland
club-02294,international
club-01405,France
club-02042,international
club-00494,Sweden
club-03665,England
club-01060,England
club-02100,England
club-01850,New Zealand
club-03343,Scotland
club-00519,Northern Ireland
club-01560,Austria
club-00085,United States
club-03721,England
club-00507,international
club-03115,Australia
club-01289,England
club-03054,international
club-02112,India
club-00947,Nigeria
club-01961,international
club-01600,Russia
club-01568,Tajikistan
club-00995,Belarus
club-01575,Czech Republic
club-01301,Czech Republic
club-02850,England
club-00614,Scotland
club-00525,Scotland
club-03187,Scotland
club-01995,international
club-02762,Sweden
club-03395,international
club-02655,Bulgaria
club-00539,Scotland
club-01503,England
club-01972,United States
club-01632,England
club-01893,United States
club-01209,England
club-02875,England
club-01283,Sweden
club-03394,international
club-02663,international
club-01732,England
club-02668,Ireland
club-00477,Ireland
club-00500,international
club-01556,Norway
club-03719,Brazil
club-02718-uefa,Netherlands
club-00624,Ireland
club-03377-uefa,England
club-02822,Belgium
club-02592,Italy
club-02594,Italy
club-01633,Italy
club-00309,Italy
club-00608,United States
club-03387,United States
club-02703,England
club-01545,Serbia
club-02383,international
club-00109,Wales
club-03687,Scotland
club-00606,South Africa
club-03233,international
club-02501,Bermuda
club-01921-uefa,Iceland
club-02080,Iceland
club-00034,Finland
club-03707,England
club-00114,England
club-03188,England
club-00405,England
club-00883,England
club-01603,Denmark
club-02914,Italy
club-03077,Norway
club-01661,Germany
club-00088,Greece
club-02335,United States
club-01037,Scotland
club-01529,Scotland
club-03194,international
club-00224,international
club-01435,England
club-01003,England
club-01229,England
club-01406,England
club-01174-uefa,England
club-01354,Wales
club-02377,Wales
club-02764,England
club-00501,United States
club-00540,Scotland
club-02225,Scotland
club-01640,Scotland
club-03262,Netherlands
club-01785,United Arab Emirates
club-01448,France
club-01940,Sweden
club-00912,Bulgaria
club-00314,England
club-03124,England
club-03131,England
club-00502,England
club-01423,England
club-02223,England
club-03123,England
club-03422,Germany
club-00890,England
club-03695,England
club-01812,England
club-01836,England
club-02262,Poland
club-03226,Norway
club-00376,international
club-03119,Australia
club-00456,international
club-00106,Kenya
club-02122,Iceland
club-03559,Iceland
club-02009,Germany
club-03012,Germany
club-03368,Hungary
club-02831,Latvia
club-00990,United Arab Emirates
club-00660,Spain
club-00694,Australia
club-00493,Australia
club-01905,France
club-02008,France
club-03329,United States
club-02121,international
club-00265,England
club-03028,China
club-03029,China
club-03032,China
club-01372-uefa,France
club-02790-uefa,Spain
